actor_name,release_year,year_wise_film
Emily Dee,2006,14
Judy Dean,2006,15
Julia Fawcett,2006,15
Julia Zellweger,2006,16
Adam Grant,2006,18
Sissy Sobieski,2006,18
Sandra Peck,2006,19
Russell Close,2006,19
Penelope Guiness,2006,19
Cameron Wray,2006,19
Rita Reynolds,2006,20
Christopher Berry,2006,20
Kenneth Pesci,2006,20
Thora Temple,2006,20
Minnie Kilmer,2006,20
Bette Nicholson,2006,20
Chris Depp,2006,20
Fay Kilmer,2006,20
Matthew Johansson,2006,20
Christopher West,2006,21
Kevin Bloom,2006,21
Kenneth Paltrow,2006,21
Spencer Peck,2006,21
Fay Wood,2006,22
Dan Torn,2006,22
Meryl Allen,2006,22
Gene Hopkins,2006,22
Ed Chase,2006,22
Christian Gable,2006,22
Jennifer Davis,2006,22
Sylvester Dern,2006,22
Nick Degeneres,2006,22
Adam Hopper,2006,22
Tim Hackman,2006,23
Jessica Bailey,2006,23
Gene Willis,2006,23
Michelle Mcconaughey,2006,23
Burt Temple,2006,23
Ben Harris,2006,23
Lisa Monroe,2006,23
Frances Tomei,2006,23
Michael Bening,2006,24
Spencer Depp,2006,24
Cary Mcconaughey,2006,24
Mena Hopper,2006,24
Burt Posey,2006,24
Milla Peck,2006,24
Debbie Akroyd,2006,24
Charlize Dench,2006,24
Julia Barrymore,2006,24
Lucille Dee,2006,24
Parker Goldberg,2006,24
Cuba Birch,2006,24
Dan Streep,2006,24
Cameron Streep,2006,24
Christian Neeson,2006,25
Ellen Presley,2006,25
Russell Bacall,2006,25
Jane Jackman,2006,25
Tom Mckellen,2006,25
Gary Phoenix,2006,25
Oprah Kilmer,2006,25
Salma Nolte,2006,25
Groucho Williams,2006,25
Penelope Pinkett,2006,25
Jeff Silverstone,2006,25
Joe Swank,2006,25
Zero Cage,2006,25
Bob Fawcett,2006,25
Liza Bergman,2006,25
Morgan Mcdormand,2006,25
Audrey Olivier,2006,25
Nick Wahlberg,2006,25
Cuba Allen,2006,25
Frances Day-Lewis,2006,26
Sean Williams,2006,26
Kirk Jovovich,2006,26
Humphrey Willis,2006,26
Al Garland,2006,26
Gary Penn,2006,26
Elvis Marx,2006,26
Laurence Bullock,2006,26
Carmen Hunt,2006,26
Laura Brody,2006,26
Geoffrey Heston,2006,26
Scarlett Bening,2006,26
Jim Mostel,2006,26
Groucho Sinatra,2006,26
Meg Hawke,2006,27
Jayne Silverstone,2006,27
Anne Cronyn,2006,27
Audrey Bailey,2006,27
Kirsten Paltrow,2006,27
Tom Miranda,2006,27
Greg Chaplin,2006,27
Greta Keitel,2006,27
Fred Costner,2006,27
Alan Dreyfuss,2006,27
Morgan Williams,2006,27
Penelope Monroe,2006,27
Morgan Hopkins,2006,27
Dustin Tautou,2006,27
William Hackman,2006,27
Chris Bridges,2006,27
Gene Mckellen,2006,27
Dan Harris,2006,28
Kim Allen,2006,28
Mae Hoffman,2006,28
Olympia Pfeiffer,2006,28
Milla Keitel,2006,28
Ralph Cruz,2006,28
Cate Harris,2006,28
Goldie Brody,2006,28
Harrison Bale,2006,28
Cuba Olivier,2006,28
Meryl Gibson,2006,28
Jodie Degeneres,2006,29
Burt Dukakis,2006,29
Humphrey Garland,2006,29
Jon Chase,2006,29
Jayne Neeson,2006,29
John Suvari,2006,29
Johnny Lollobrigida,2006,29
Kenneth Hoffman,2006,29
Alec Wayne,2006,29
Johnny Cage,2006,29
Ed Guiness,2006,29
Cate Mcqueen,2006,30
Rip Winslet,2006,30
Vivien Bergen,2006,30
Mena Temple,2006,30
Lucille Tracy,2006,30
Gregory Gooding,2006,30
Jude Cruise,2006,30
Daryl Crawford,2006,30
Matthew Leigh,2006,30
Michael Bolger,2006,30
Rock Dukakis,2006,30
Nick Stallone,2006,30
Grace Mostel,2006,30
Richard Penn,2006,30
Ray Johansson,2006,30
Bela Walken,2006,30
Karl Berry,2006,31
Russell Temple,2006,31
Will Wilson,2006,31
Penelope Cronyn,2006,31
Ian Tandy,2006,31
River Dean,2006,31
Daryl Wahlberg,2006,31
Minnie Zellweger,2006,31
Albert Nolte,2006,31
Woody Jolie,2006,31
Jada Ryder,2006,31
Mary Tandy,2006,31
James Pitt,2006,31
Angelina Astaire,2006,31
Woody Hoffman,2006,31
Fay Winslet,2006,31
Julianne Dench,2006,32
Natalie Hopkins,2006,32
Whoopi Hurt,2006,32
Christian Akroyd,2006,32
Warren Jackman,2006,32
Greta Malden,2006,32
Reese Kilmer,2006,32
Ed Mansfield,2006,32
Helen Voight,2006,32
Harvey Hope,2006,32
Ben Willis,2006,33
Renee Tracy,2006,33
Renee Ball,2006,33
Julia Mcqueen,2006,33
Kevin Garland,2006,33
Ewan Gooding,2006,33
Rip Crawford,2006,33
Sean Guiness,2006,33
Kenneth Torn,2006,33
Cameron Zellweger,2006,33
Reese West,2006,33
Albert Johansson,2006,33
Sidney Crowe,2006,34
Warren Nolte,2006,34
Kirsten Akroyd,2006,34
Jayne Nolte,2006,34
Angela Hudson,2006,34
Uma Wood,2006,35
Val Bolger,2006,35
Groucho Dunst,2006,35
Henry Berry,2006,35
Angela Witherspoon,2006,35
Vivien Basinger,2006,35
Scarlett Damon,2006,36
Sandra Kilmer,2006,37
Matthew Carrey,2006,39
Mary Keitel,2006,40
Walter Torn,2006,41
Gina Degeneres,2006,42
Susan Davis,2006,54
